{
  "trial_id": 1,
  "num_trial": 50,
  "proc_time": 1454.3053522109985,
  "alpha": 0.8605714451279329,
  "gamma": 3.793972738151323,
  "warmup_epochs": 15,
  "weight_dice": 0.39963209507789,
  "weight_focal": 0.60036790492211,
  "best_train_f1": 0.9490729570388794,
  "best_eval_f1": 0.8671966195106506,
  "lr": [
    5.999999848427251e-05,
    5.999999848427251e-05,
    5.999999848427251e-05,
    5.999999848427251e-05,
    5.999999848427251e-05,
    5.999999848427251e-05,
    5.999999848427251e-05,
    5.999999848427251e-05,
    5.999999848427251e-05,
    5.999999848427251e-05,
    5.999999848427251e-05,
    5.999999848427251e-05,
    5.999999848427251e-05,
    5.999999848427251e-05,
    5.999999848427251e-05,
    5.999999848427251e-05,
    5.999999848427251e-05,
    5.999999848427251e-05,
    5.999999848427251e-05,
    5.999999848427251e-05,
    5.999999848427251e-05,
    5.999999848427251e-05,
    5.999999848427251e-05,
    5.999999848427251e-05,
    5.999999848427251e-05,
    5.999999848427251e-05,
    5.999999848427251e-05,
    5.999999848427251e-05,
    5.999999848427251e-05,
    5.999999848427251e-05,
    5.999999848427251e-05,
    5.999999848427251e-05,
    5.999999848427251e-05,
    5.999999848427251e-05,
    5.999999848427251e-05,
    5.999999848427251e-05,
    5.999999848427251e-05,
    5.999999848427251e-05,
    5.999999848427251e-05,
    5.999999848427251e-05,
    5.999999848427251e-05,
    5.999999848427251e-05,
    5.999999848427251e-05,
    5.999999848427251e-05,
    5.999999848427251e-05,
    5.999999848427251e-05,
    5.999999848427251e-05,
    5.999999848427251e-05,
    2.9999999242136255e-05,
    2.9999999242136255e-05,
    2.9999999242136255e-05,
    2.9999999242136255e-05,
    2.9999999242136255e-05,
    2.9999999242136255e-05,
    2.9999999242136255e-05,
    2.9999999242136255e-05,
    2.9999999242136255e-05,
    2.9999999242136255e-05,
    1.4999999621068127e-05,
    1.4999999621068127e-05,
    1.4999999621068127e-05,
    1.4999999621068127e-05,
    1.4999999621068127e-05,
    1.4999999621068127e-05,
    1.4999999621068127e-05,
    1.4999999621068127e-05,
    1.4999999621068127e-05,
    1.4999999621068127e-05
  ],
  "train_f1": [
    0.03257615119218826,
    0.12758538126945496,
    0.27085039019584656,
    0.42384830117225647,
    0.5623807311058044,
    0.6575780510902405,
    0.7210382223129272,
    0.7657860517501831,
    0.7983766198158264,
    0.8293006420135498,
    0.8495389819145203,
    0.8547996878623962,
    0.8577003479003906,
    0.8709348440170288,
    0.885718584060669,
    0.8895897269248962,
    0.8868802785873413,
    0.8777450919151306,
    0.8916879296302795,
    0.9059218168258667,
    0.9124489426612854,
    0.9133310317993164,
    0.9100078344345093,
    0.9030698537826538,
    0.9025944471359253,
    0.9074519276618958,
    0.9077378511428833,
    0.9102925658226013,
    0.9165380597114563,
    0.9225677847862244,
    0.9237014651298523,
    0.9218891263008118,
    0.9202969670295715,
    0.9203600883483887,
    0.923096776008606,
    0.9236273169517517,
    0.9209966063499451,
    0.923969566822052,
    0.9273490309715271,
    0.9280608892440796,
    0.9293540120124817,
    0.9309114813804626,
    0.9298034906387329,
    0.9291132092475891,
    0.9292224645614624,
    0.9290615320205688,
    0.9276794195175171,
    0.9267218708992004,
    0.9293572306632996,
    0.9373347759246826,
    0.9410237073898315,
    0.943194568157196,
    0.9447381496429443,
    0.9457945823669434,
    0.946526050567627,
    0.9472006559371948,
    0.9476808905601501,
    0.9480556845664978,
    0.9469743967056274,
    0.9473987817764282,
    0.9480145573616028,
    0.9485205411911011,
    0.9488039612770081,
    0.9490729570388794,
    0.9489956498146057,
    0.9483980536460876,
    0.9474603533744812,
    0.9469137191772461
  ],
  "eval_f1": [
    0.005662890616804361,
    0.005453804042190313,
    0.005349796265363693,
    0.004506847355514765,
    0.003409598721191287,
    0.0023495014756917953,
    0.0017946858424693346,
    0.0014527757884934545,
    0.000889739312697202,
    0.0007185794529505074,
    0.0006845982279628515,
    0.00039559160359203815,
    0.006721179932355881,
    0.023690536618232727,
    0.07451149076223373,
    0.17557473480701447,
    0.45687344670295715,
    0.5406559705734253,
    0.6163724660873413,
    0.7385780215263367,
    0.7791548371315002,
    0.8044005632400513,
    0.8217338919639587,
    0.7901216745376587,
    0.7937628030776978,
    0.7856193780899048,
    0.6742358803749084,
    0.7839104533195496,
    0.8067773580551147,
    0.8162329792976379,
    0.8294650912284851,
    0.8516345620155334,
    0.8474165201187134,
    0.8525980710983276,
    0.8199224472045898,
    0.7931507229804993,
    0.834007978439331,
    0.8671966195106506,
    0.8553312420845032,
    0.8199253082275391,
    0.8380388617515564,
    0.8256484866142273,
    0.787779688835144,
    0.7928749918937683,
    0.8243963718414307,
    0.8040562272071838,
    0.7444571256637573,
    0.7410340905189514,
    0.8239420056343079,
    0.8445896506309509,
    0.8518358469009399,
    0.861365795135498,
    0.8573980927467346,
    0.8595887422561646,
    0.8593187928199768,
    0.8560689687728882,
    0.8577193021774292,
    0.8510103821754456,
    0.849652111530304,
    0.853095293045044,
    0.8558751940727234,
    0.8582701683044434,
    0.8594934344291687,
    0.8625949025154114,
    0.8566432595252991,
    0.8600660562515259,
    0.8509792685508728,
    0.8594837188720703
  ]
},

