{
  "trial_id": 1,
  "num_trial": 50,
  "proc_time": 999.4447379112244,
  "alpha": 0.8605714451279329,
  "gamma": 3.793972738151323,
  "warmup_epochs": 10,
  "weight_dice": 0.39963209507789,
  "weight_focal": 0.60036790492211,
  "best_train_f1": 0.9391281008720398,
  "best_eval_f1": 0.8518883585929871,
  "lr": [
    5.999999848427251e-05,
    5.999999848427251e-05,
    5.999999848427251e-05,
    5.999999848427251e-05,
    5.999999848427251e-05,
    5.999999848427251e-05,
    5.999999848427251e-05,
    5.999999848427251e-05,
    5.999999848427251e-05,
    5.999999848427251e-05,
    5.999999848427251e-05,
    5.999999848427251e-05,
    5.999999848427251e-05,
    5.999999848427251e-05,
    5.999999848427251e-05,
    5.999999848427251e-05,
    5.999999848427251e-05,
    5.999999848427251e-05,
    5.999999848427251e-05,
    5.999999848427251e-05,
    5.999999848427251e-05,
    5.999999848427251e-05,
    5.999999848427251e-05,
    5.999999848427251e-05,
    5.999999848427251e-05,
    5.999999848427251e-05,
    5.999999848427251e-05,
    2.9999999242136255e-05,
    2.9999999242136255e-05,
    2.9999999242136255e-05,
    2.9999999242136255e-05,
    2.9999999242136255e-05,
    2.9999999242136255e-05,
    2.9999999242136255e-05,
    2.9999999242136255e-05,
    2.9999999242136255e-05,
    2.9999999242136255e-05,
    2.9999999242136255e-05,
    2.9999999242136255e-05,
    2.9999999242136255e-05,
    2.9999999242136255e-05,
    2.9999999242136255e-05,
    2.9999999242136255e-05,
    1.4999999621068127e-05,
    1.4999999621068127e-05,
    1.4999999621068127e-05,
    1.4999999621068127e-05,
    1.4999999621068127e-05
  ],
  "train_f1": [
    0.03620929643511772,
    0.14490360021591187,
    0.2745687961578369,
    0.4198247492313385,
    0.5594500303268433,
    0.6577900648117065,
    0.7177433967590332,
    0.771292507648468,
    0.8075975775718689,
    0.8302967548370361,
    0.830397367477417,
    0.8534646034240723,
    0.8744346499443054,
    0.8822267055511475,
    0.8845952153205872,
    0.876436710357666,
    0.8799169063568115,
    0.8853799700737,
    0.8931887149810791,
    0.9030529260635376,
    0.9073341488838196,
    0.9051361083984375,
    0.9003748297691345,
    0.903652012348175,
    0.9113271832466125,
    0.9112095236778259,
    0.9106215834617615,
    0.9163362979888916,
    0.9245718121528625,
    0.9275413155555725,
    0.9293035268783569,
    0.930895209312439,
    0.9321021437644958,
    0.9329224824905396,
    0.933736264705658,
    0.9341093301773071,
    0.9346227645874023,
    0.9347151517868042,
    0.9341630339622498,
    0.9327217936515808,
    0.9284647107124329,
    0.9243651628494263,
    0.9194627404212952,
    0.9249255657196045,
    0.9320409893989563,
    0.935787558555603,
    0.9379739165306091,
    0.9391281008720398
  ],
  "eval_f1": [
    0.003590466920286417,
    0.0034563604276627302,
    0.0016850285464897752,
    0.005271656438708305,
    0.0033438398968428373,
    0.0019636035431176424,
    0.001239627250470221,
    0.0011114415246993303,
    0.0008456708746962249,
    0.00046943165943957865,
    0.003527339780703187,
    0.0039865486323833466,
    0.013508021831512451,
    0.03916904330253601,
    0.10789234936237335,
    0.18144820630550385,
    0.4747060537338257,
    0.6342409253120422,
    0.6263267993927002,
    0.6663784980773926,
    0.7690472602844238,
    0.8081268072128296,
    0.7799343466758728,
    0.7855443358421326,
    0.7674674987792969,
    0.74872225522995,
    0.7021675109863281,
    0.788581371307373,
    0.8039955496788025,
    0.8044986128807068,
    0.81940758228302,
    0.8260340690612793,
    0.8289680480957031,
    0.8336742520332336,
    0.8320126533508301,
    0.8373090624809265,
    0.8432269096374512,
    0.8518883585929871,
    0.8415528535842896,
    0.8441980481147766,
    0.8160068392753601,
    0.8340587615966797,
    0.8245654702186584,
    0.8087113499641418,
    0.8215394020080566,
    0.8201429843902588,
    0.8233898282051086,
    0.8191096186637878
  ]
},

